site,omega_map,variant
1,0.5,0
2,0.5,0
3,0.8359861908437771,1
4,0.8034755760953042,1
5,0.5,0
6,0.5,0
7,0.780567583033355,1
8,0.5,0
9,0.5,0
10,0.07050603629015999,1
11,0.07002632087918659,1
12,0.5,0
13,0.07059904603492104,1
14,0.5,0
15,0.06974113289883661,1
16,0.5,0
17,0.07051853200401727,1
18,0.5,0
19,0.6428427830975781,1
20,0.49698175234493325,1
21,0.10159346788553308,1
22,0.41862089577761474,1
23,0.5,0
24,0.5,0
25,0.5,0
26,0.5,0
27,0.5794644192631437,1
28,0.07031678105235778,1
29,0.5,0
30,0.5,0
31,0.5,0
32,0.07098490328990674,1
33,0.07058006182127846,1
34,0.07050765501580483,1
35,0.5,0
36,0.5,0
37,0.5,0
38,0.07108806992742463,1
39,0.06963197428587097,1
40,0.5,0
41,0.07056093191629982,1
42,0.07060038886402478,1
43,0.07137868289205322,1
44,0.0713374932927661,1
45,0.07288697119695056,1
46,0.5,0
47,0.5,0
48,0.07300637719829693,1
49,0.5,0
50,0.0713473799243065,1
51,0.07306903870666291,1
52,1.4073296673784428,1
53,0.07042617548982193,1
54,0.0705872241740062,1
55,0.07290491540545666,1
56,0.5,0
57,0.5,0
58,0.5,0
59,0.5,0
60,0.5,0
61,0.07044554341050975,1
62,0.07110258911992774,1
63,0.5,0
64,0.5,0
65,0.5,0
66,0.5,0
67,0.07057801598428043,1
68,0.5,0
69,0.5272715216392397,1
70,0.5913774162991524,1
71,0.07103536551998423,1
72,0.5,0
73,0.07250203067424542,1
74,0.07276213165054561,1
75,0.5,0
76,0.07099486795398184,1
77,0.07063437110306123,1
78,0.5,0
79,0.5,0
80,0.07087891779025218,1
81,0.5,0
82,0.07145862485513459,1
83,0.5,0
84,0.07144671183053809,1
85,0.07137518548876011,1
86,0.5,0
87,0.5,0
88,0.5,0
89,0.0704100606809718,1
90,0.07133365993429283,1
91,0.07065985021020814,1
92,0.06956157996686146,1
93,0.5,0
94,0.07036594030321781,1
95,0.07023462865067312,1
96,2.820573767033964,1
97,0.07297952293232654,1
98,0.6630874999378101,1
99,0.07129126335318747,1
100,0.5,0
101,0.5,0
102,0.0709948425773346,1
103,0.49745877471712635,1
104,0.0706459360445285,1
105,0.07132421811990187,1
106,0.4255016636376971,1
107,0.07341967237742128,1
108,0.5,0
109,0.0707113869480446,1
110,0.5,0
111,0.07056621174037836,1
112,0.5,0
113,0.07058580235909716,1
114,0.5,0
115,0.06965880596557643,1
116,0.07091207624431842,1
117,0.07133954149595294,1
118,0.07204392585179324,1
119,0.07096803152110531,1
120,0.5,0
121,0.5,0
122,0.07206304788034136,1
123,0.22454628031143428,1
124,0.07223667488605802,1
125,0.07049589591420682,1
126,0.07064595092498863,1
127,0.07106990141097837,1
128,0.5,0
129,0.0705425931930349,1
130,0.5,0
131,0.0709700532647293,1
132,0.06991533198549066,1
133,0.5,0
134,0.07058021775447464,1
135,0.07297952293232654,1
136,0.5,0
137,0.5,0
138,0.5,0
139,0.07081405381814578,1
140,0.071263444205138,1
141,0.5,0
142,0.0710168705438901,1
143,0.5,0
144,0.5,0
145,0.5293917275208446,1
146,0.5567835441583666,1
147,0.5,0
148,0.5,0
149,0.5,0
150,0.07031554135064408,1
151,0.07102338277004931,1
152,0.07102366306207242,1
153,0.5687808738666207,1
154,0.4569995011799292,1
155,0.5,0
156,0.9785248611947452,1
157,0.5,0
158,0.15620058845061885,1
159,0.5,0
160,0.5,0
161,0.5573427826854135,1
162,0.07110149171259503,1
163,0.07131635334254575,1
164,0.5,0
165,0.07083424531008986,1
166,0.0705616603136735,1
167,0.070428300454778,1
168,0.5,0
169,0.19371618368474577,1
170,0.6132855324728613,1
171,0.5,0
172,0.07012241815286403,1
173,0.07049582528562662,1
174,0.5464858430997868,1
175,0.5,0
176,0.07044500739647439,1
177,0.07007755786733731,1
178,0.07271938227207499,1
179,0.5,0
180,0.5412239797274351,1
181,0.4891787055622675,1
182,0.07117053022661775,1
183,1.2190392377058277,1
184,0.07147391194878992,1
185,0.9607112952837235,1
186,0.18630649954219278,1
187,0.5,0
188,0.5,0
189,0.11038553118984391,1
190,1.1288714744888935,1
191,1.009920407031631,1
192,0.2237016534260427,1
193,0.5966515414835075,1
194,0.5445455622579083,1
195,0.07071273129290225,1
196,0.5,0
197,0.07140068065403138,1
198,0.07059176823894332,1
199,0.07120677451811028,1
200,0.07126739649200349,1
201,0.07056794061388519,1
202,0.07010018078435135,1
203,0.07064334233630369,1
204,0.07057466245237952,1
205,1.7916019791519249,1
206,0.1518797380879261,1
207,1.2777461841405553,1
208,1.16330017942703,1
209,0.07133159158540442,1
210,0.5,0
211,0.6724327280353638,1
212,0.0702680718329814,1
213,1.0217343010481705,1
214,0.0714137026894697,1
215,0.07083463280116706,1
216,0.07195846570883392,1
217,0.0714148058621707,1
218,0.07060504208988481,1
219,0.11062961852844522,1
220,0.5,0
221,0.07158748242803328,1
222,0.07008740524105025,1
223,0.5,0
224,0.07129063394896973,1
225,1.312660141951241,1
226,1.2487015324654938,1
227,0.5,0
228,0.9082987229482986,1
229,0.5,0
230,1.5140125453127653,1
231,0.07214026761666001,1
232,1.822049919482583,1
233,0.5,0
234,0.07062506434090783,1
235,1.1403838363381045,1
236,0.5,0
237,0.5,0
238,0.07140070978658883,1
239,0.06988418110343388,1
240,0.5,0
241,0.8051593211865046,1
242,0.5,0
243,0.07048002383631835,1
244,0.07092129690485327,1
245,0.07099486795368999,1
246,0.07126825710340894,1
247,0.07059829672850122,1
248,0.07298112630245752,1
249,0.07130807161825303,1
250,0.6885152940739422,1
251,0.0720671811774636,1
252,0.07083655890975864,1
253,0.07143973387891131,1
254,0.4498223512503833,1
255,0.5,0
256,0.5,0
257,0.5,0
258,0.07065679537295123,1
259,0.07070224702902309,1
260,0.07298112630245752,1
261,0.0705802177544197,1
262,0.07056042414625614,1
263,0.503772038309864,1
264,0.0712918221364984,1
265,0.4713383324423668,1
266,0.5,0
267,0.07062244505037629,1
268,0.5330005028257165,1
269,0.5,0
270,0.07094986783784472,1
271,0.07099346704439792,1
272,0.07176433522116721,1
273,1.7156499350305516,1
274,0.47973990302942876,1
275,1.2032528656676706,1
276,0.5493710396075343,1
277,0.07049596024904084,1
278,0.5,0
279,0.5,0
280,1.2584712841886778,1
281,1.0177464267729195,1
282,1.0153111976258011,1
283,0.17404927140426005,1
284,0.07045322874218568,1
285,0.5,0
286,0.9375280697480963,1
287,0.07208079543842785,1
288,2.099429303160282,1
289,0.5778440844804784,1
290,1.8899537570873062,1
291,4.248784474533113,1
292,1.1150781993698928,1
293,0.914804147978511,1
294,1.656099260610911,1
295,0.49191319373143044,1
296,1.1983672260594844,1
297,0.5,0
298,0.07066268520901113,1
299,0.07077820087904896,1
300,0.07097608835011197,1
301,0.07123654396446867,1
302,0.07129090170996116,1
303,0.0712915841845642,1
304,0.07034369640100312,1
305,1.025025436404022,1
306,0.5,0
307,0.8969330713835976,1
308,0.07181732925168863,1
309,0.07096877020163711,1
310,0.0708885689865776,1
311,0.07129216941224702,1
312,0.07126126833807599,1
313,0.07232925012674435,1
314,0.07067209126604637,1
315,0.5,0
316,0.0703451315759961,1
317,0.5189800219556957,1
318,0.07134681658027149,1
319,0.10992477133854324,1
320,0.22374806496540137,1
321,0.5,0
322,0.10571373442740642,1
323,0.11163071724789235,1
324,0.5,0
325,0.07067014832030706,1
326,0.07045849102080509,1
327,0.5,0
328,0.5,0
329,0.5,0
330,0.07316085124175357,1
331,0.19788971115703863,1
332,0.0710697909024173,1
333,0.15821810560758606,1
334,0.5,0
335,0.5,0
336,0.9274864259717743,1
337,0.19788451076298302,1
338,1.3722737121995123,1
339,0.0714080572631491,1
340,0.07057805866166539,1
341,0.599933832087742,1
342,0.5,0
343,0.5,0
344,0.0705924360913029,1
345,0.07039209206785736,1
346,0.06898211997286256,1
347,0.4614735731615933,1
348,0.06988495863832837,1
349,0.07053103352200416,1
350,0.5,0
351,0.07058543665272483,1
352,0.0709698959751162,1
353,0.5,0
354,0.07061722927562325,1
355,0.07036742728387518,1
356,0.5036444204211489,1
357,0.10038617933023736,1
358,0.11007241035515707,1
359,0.07052826963769157,1
360,1.1158927586193375,1
361,0.15189375261315782,1
362,0.5,0
363,0.9912426054886189,1
364,0.6193524789694936,1
365,0.5,0
366,0.5,0
367,0.07138570103585831,1
368,0.07035289493385616,1
369,0.6775906316770445,1
370,0.07048887634283324,1
371,0.07299192975467325,1
372,0.6360422991449293,1
373,0.07058150214439866,1
374,0.07136055871484584,1
375,0.07127498440176971,1
376,2.571696006728808,1
377,0.5,0
378,0.07130112831118343,1
379,0.07298105547215177,1
380,0.07058018732279558,1
381,0.07099341635065502,1
382,0.07095534534192978,1
383,0.07058422193120686,1
384,0.07046444245129596,1
385,0.07039222211797554,1
386,0.5,0
387,0.07297941691433837,1
388,0.5,0
389,0.07316088031962908,1
390,0.07060343065747818,1
391,0.5,0
392,0.0714315372774642,1
393,0.07136967010830292,1
394,0.07108964250908664,1
395,0.5,0
396,0.0689002942651913,1
397,0.07251042835772473,1
398,0.5,0
399,0.5,0
400,0.07096739061913554,1
401,0.5,0
402,0.1808690841401121,1
403,0.07121621953319365,1
404,0.0705854971967507,1
405,0.07060142368420591,1
406,0.07067013624842705,1
407,0.1604803428945193,1
408,0.07083693165144132,1
409,0.5,0
410,0.21049226950739627,1
411,0.5,0
412,0.07087899725978891,1
413,0.5,0
414,0.07100797773451277,1
415,0.07056170140993032,1
416,0.9968632775694451,1
417,1.5927042464285404,1
418,2.0373938092079475,1
419,0.9909257376745948,1
420,1.5939173515794818,1
421,3.5888263279751818,1
422,5.1689264830129735,1
423,3.8281291047588444,1
424,1.545618556198528,1
425,0.9806116106068958,1
426,0.6116532906845872,1
427,0.515132245069693,1
428,0.6129578716027093,1
429,1.0758106191073034,1
430,0.19335054920665837,1
431,1.000680518691412,1
432,1.492880167370872,1
433,0.9796570422796178,1
434,1.815505543523668,1
435,0.10854031279991842,1
436,1.9862963192392824,1
437,1.1881019841794578,1
438,2.5563144024329665,1
439,0.07142311400309553,1
440,0.5,0
441,0.2126373493137692,1
442,0.5,0
443,0.06954992437710011,1
444,0.07129168949391189,1
445,0.5,0
446,0.10786692116279029,1
447,0.2110659229799724,1
448,0.5644974711121252,1
449,0.5,0
450,0.5,0
451,0.07247065594887331,1
452,0.071813299809449,1
453,0.5,0
454,0.5,0
455,0.5,0
456,0.5,0
457,0.5,0
458,0.5,0
